epochs,loss,acc
1,10.722791485977172,0.8745
2,12.198105263137817,0.86545
3,6.414186856842041,0.87905
4,2.6172342940568925,0.88875
5,0.29959332792162896,0.88625
6,0.14839581106327024,0.9245
7,0.040878578539192675,0.91955
8,0.02107350806164464,0.9402
9,0.009706902775484253,0.94575
10,0.005790254950613598,0.9529
11,0.0027736515710828826,0.95955
12,0.0037954916018992663,0.9334
13,0.0029942755307769404,0.95725
14,0.004101664450613316,0.95385
15,0.0033338798761134965,0.95675
