epochs,loss,acc
1,0.010832509627938271,0.80175
2,0.010820506006479264,0.8031
3,0.0108218846231699,0.80285
4,0.01080804006755352,0.80435
5,0.01078845427930355,0.80635
6,0.010698309656977654,0.81725
7,0.010453393331170083,0.84455
8,0.009421915802359581,0.94725
9,0.002519014820456505,0.96355
10,0.0020306437289342285,0.96985
11,0.0018174008584581315,0.9703
12,0.0015055413285270333,0.9698
13,0.001160671374388039,0.97645
14,0.0009999803580343723,0.983
15,0.0009555952173657715,0.98465
