epochs,loss,acc
1,49.43124979400635,0.8654
2,28.163150966453554,0.87605
3,32.55839460601807,0.87685
4,9.049837916469574,0.8855
5,8.529119429779053,0.87885
6,44.52377088813782,0.8451
7,4.372631589889527,0.7777
8,4.261033532333374,0.7933
9,9.41725018491745,0.89455
10,10.652437294197082,0.902
11,37.79231560554504,0.86605
12,12.283867774582655,0.9067
13,10.480428999328613,0.50565
14,15.259248661804198,0.90295
15,19.001284488677978,0.90065
