epochs,loss,acc
1,0.010805850160121918,0.80485
2,0.01071371497809887,0.81805
3,0.009684846121072769,0.9501
4,0.009411716187000275,0.96055
5,0.002304592742025852,0.96285
6,0.002195102510787547,0.9639
7,0.001902874920796603,0.96765
8,0.0015806219699792564,0.969
9,0.0012006216413341462,0.9779
10,0.0010740358266513794,0.9827
11,0.000983152484986931,0.9847
12,0.0011193541318178177,0.9808
13,0.000902677641576156,0.98605
14,0.0009172081972239539,0.98415
15,0.0008508571315091104,0.98685
