epochs,loss,acc
1,0.0037257038749754427,0.925
2,0.0029096731644123793,0.94455
3,0.003156509878858924,0.9303
4,0.0024258662287145855,0.95165
5,0.0020308916591107846,0.95785
6,0.0019349407099187373,0.95865
7,0.0018008937099017203,0.9617
8,0.001925720474496484,0.9583
9,0.001766539558302611,0.9632
10,0.0016929582229815424,0.9645
11,0.0017442994643002748,0.96335
12,0.0016020184818655253,0.9678
13,0.001686277524754405,0.96665
14,0.001647074782382697,0.964
15,0.001629324711067602,0.9692
